Name,Nation,Team,Position,Age,Playing Time: matches played,Playing Time: starts,Playing Time: minutes,Performance: goals,Performance: assists,Performance: yellow cards,Performance: red cards,Expected: expected goals (xG),Expected: expedted Assist Goals (xAG),Progression: PrgC,Progression: PrgP,Progression: PrgR,Per 90 minutes: Gls,Per 90 minutes: Ast,Per 90 minutes: xG,Per 90 minutes: xGA,Performance: goals against per 90mins (GA90),Performance: Save%,Performance: CS%,Penalty Kicks: penalty kicks Save%,Standard: shoots on target percentage (SoT%),Standard: Shoot on Target per 90min (SoT/90),Standard: goals/shot (G/sh),Standard: average shoot distance (Dist),Total: passes completed (Cmp),Total: Pass completion (Cmp%),Total: progressive passing distance (TotDist),Short: Pass completion (Cmp%),Medium: Pass completion (Cmp%),Long: Pass completion (Cmp%),Expected: key passes (KP),Expected: pass into final third (1/3),Expected: pass into penalty area (PPA),Expected: CrsPA,Expected: PrgP,SCA: SCA,SCA: SCA90,GCA: GCA,GCA: GCA90,Tackles: Tkl,Tackles: TklW,Challenges: Att,Challenges: Lost,Blocks: Blocks,Blocks: Sh,Blocks: Pass,Blocks: Int,Touches: Touches,Touches: Def Pen,Touches: Def 3rd,Touches: Mid 3rd,Touches: Att 3rd,Touches: Att Pen,Take-Ons: Att,Take-Ons: Succ%,Take-Ons: Tkld%,Carries: Carries,Carries: ProDist,Carries: ProgC,Carries: 1/3,Carries: CPA,Carries: Mis,Carries: Dis,Receiving: Rec,Receiving: PrgR,Performance: Fls,Performance: Fld,Performance: Off,Performance: Crs,Performance: Recov,Aerial Duels: Won,Aerial Duels: Lost,Aerial Duels: Won%,Cluster
Aaron Cresswell,eng ENG,West Ham,DF,35-138,14,7,589,0,0,2,0,0.1,1.1,4,24,2,0.0,0.0,0.02,0.17,,,,,0.0,0.0,0.0,29.8,355,80.7,2697,90.8,85.9,54.9,7,40,4,1,24,12,1.83,0,0.0,8,4,8,2,7,4,3,6,495,33,196,236,68,1,1,100.0,0.0,200,388,4,7,0,3,0,312,2,3,1,0,27,21,7,6,53.8,0
Aaron Ramsdale,eng ENG,Southampton,GK,26-353,26,26,2340,0,0,2,0,0.0,0.0,0,0,0,0.0,0.0,0.0,0.0,2.31,67.5,7.7,28.6,,0.0,,,691,64.4,15067,99.5,95.9,38.7,0,32,1,0,0,3,0.12,0,0.0,0,0,2,2,0,0,0,2,1154,835,1132,25,0,0,0,,,701,2092,0,0,0,2,0,628,0,1,4,0,0,19,5,0,100.0,0
Abdukodir Khusanov,uz UZB,Manchester City,DF,21-062,6,6,503,0,0,1,0,0.0,0.1,1,25,2,0.0,0.0,0.0,0.02,,,,,0.0,0.0,0.0,23.9,360,91.1,1976,94.7,97.0,26.1,2,23,0,0,25,5,0.89,0,0.0,5,4,3,1,5,4,1,3,445,45,205,211,31,1,2,0.0,100.0,274,435,1,1,0,2,1,332,2,3,3,0,1,27,6,4,60.0,0
Adam Lallana,eng ENG,Southampton,MF,36-357,14,5,361,0,2,4,0,0.2,0.9,6,24,10,0.0,0.5,0.04,0.23,,,,,0.0,0.0,0.0,18.1,221,85.0,980,89.1,91.0,44.4,4,21,9,3,24,9,2.24,2,0.5,8,5,12,10,4,1,3,5,318,19,91,155,73,6,12,41.7,41.7,178,366,6,8,0,10,6,245,10,8,8,0,4,19,2,2,50.0,0
Adam Smith,eng ENG,Bournemouth,DF,34-003,22,17,1409,0,0,6,0,0.7,0.3,12,40,31,0.0,0.0,0.04,0.02,,,,,0.0,0.0,0.0,16.9,436,75.7,2372,88.0,78.1,37.5,7,41,8,5,40,20,1.28,2,0.13,21,10,25,13,12,5,7,14,707,39,217,332,162,6,15,40.0,40.0,305,585,12,15,0,10,6,333,31,15,11,0,30,43,12,13,48.0,0
Adam Webster,eng ENG,Brighton,DF,30-118,11,8,617,0,0,0,0,0.0,0.5,7,40,2,0.0,0.0,0.0,0.07,,,,,100.0,0.15,0.0,15.3,429,85.6,3140,95.5,91.8,50.6,3,32,2,0,40,10,1.46,3,0.44,8,5,11,6,12,9,3,14,569,84,279,271,22,8,3,33.3,66.7,326,1142,7,2,0,3,1,384,2,5,2,1,1,20,17,4,81.0,0
Albert Grønbaek,dk DEN,Southampton,"FW,MF",23-344,4,2,143,0,0,0,0,0.1,0.0,1,1,3,0.0,0.0,0.07,0.01,,,,,0.0,0.0,0.0,22.4,13,72.2,43,81.8,50.0,,1,2,0,0,1,2,1.26,0,0.0,4,1,10,7,1,1,0,0,38,2,9,14,15,2,4,0.0,100.0,18,15,1,0,1,5,4,21,3,0,1,0,1,6,2,0,100.0,0
Alex McCarthy,eng ENG,Southampton,GK,35-150,5,5,450,0,0,0,0,0.0,0.0,0,0,0,0.0,0.0,0.0,0.0,2.6,70.3,0.0,0.0,,0.0,,,117,75.0,1985,95.3,91.8,49.2,0,5,0,0,0,0,0.0,0,0.0,0,0,0,0,0,0,0,0,173,141,173,0,0,0,0,,,100,276,0,0,0,0,0,88,0,0,1,0,0,4,2,0,100.0,0
Alex Palmer,eng ENG,Ipswich Town,GK,28-265,10,10,900,0,0,2,0,0.0,0.0,0,1,0,0.0,0.0,0.0,0.0,2.5,60.0,0.0,0.0,,0.0,,,207,65.5,4920,95.3,100.0,43.1,1,6,0,0,1,2,0.2,0,0.0,0,0,0,0,0,0,0,0,359,301,353,7,0,0,0,,,157,538,0,0,0,1,0,112,0,1,2,0,0,14,3,0,100.0,0
Alex Scott,eng ENG,Bournemouth,MF,21-254,17,7,683,0,0,2,0,0.7,0.8,14,48,32,0.0,0.0,0.09,0.11,,,,,38.5,0.66,0.0,20.0,252,82.9,1262,88.7,91.5,59.4,10,37,4,0,48,27,3.55,2,0.26,25,12,38,21,15,3,12,10,437,21,78,237,127,17,25,20.0,52.0,232,586,14,8,2,22,8,262,32,10,26,0,5,49,6,7,46.2,0
Ali Al Hamadi,iq IRQ,Ipswich Town,FW,23-062,11,0,134,0,0,3,0,0.4,0.1,4,3,14,0.0,0.0,0.24,0.05,,,,,0.0,0.0,0.0,15.7,25,83.3,29,87.0,71.4,,2,0,0,0,3,8,5.37,0,0.0,1,0,2,2,0,0,0,0,53,2,6,20,30,9,7,57.1,42.9,29,111,4,3,4,7,4,36,14,8,3,1,0,4,5,9,35.7,0
Alisson,br BRA,Liverpool,GK,32-212,24,24,2148,0,0,0,0,0.0,0.6,0,0,0,0.0,0.0,0.0,0.02,0.84,71.8,37.5,,,0.0,,,630,83.1,9088,98.9,98.5,47.8,1,10,0,0,0,6,0.25,1,0.04,1,0,1,1,0,0,0,0,801,577,786,15,0,0,1,100.0,0.0,509,1152,0,0,0,1,0,485,0,0,2,0,0,41,6,0,100.0,0
Alphonse Areola,fr FRA,West Ham,GK,32-064,23,22,1990,0,0,0,0,0.0,0.0,0,0,0,0.0,0.0,0.0,0.0,1.72,63.1,18.2,,,0.0,,,615,70.4,11166,99.3,95.2,43.4,0,9,0,0,0,3,0.14,0,0.0,2,2,3,1,0,0,0,0,927,740,918,10,0,0,0,,,530,1174,0,0,0,0,0,481,0,0,0,0,0,27,2,0,100.0,0
André Onana,cm CMR,Manchester Utd,GK,29-030,33,33,2970,0,0,0,0,0.0,0.2,0,1,0,0.0,0.0,0.0,0.01,1.3,69.0,27.3,25.0,,0.0,,,920,73.1,13211,99.1,99.0,36.3,1,24,0,0,1,4,0.12,0,0.0,1,1,3,2,0,0,0,0,1323,1005,1302,22,0,0,0,,,932,2615,0,0,0,1,0,810,0,0,2,0,0,33,6,0,100.0,0
Andrés García,es ESP,Aston Villa,"DF,MF",22-084,7,5,318,0,0,0,0,0.0,0.2,26,15,28,0.0,0.0,0.01,0.05,,,,,0.0,0.0,0.0,26.6,174,86.6,577,92.7,90.2,53.8,3,9,8,5,15,3,0.85,0,0.0,9,5,8,4,2,0,2,2,256,8,38,108,112,2,18,27.8,66.7,159,673,26,13,2,10,6,168,28,1,0,0,18,15,0,6,0.0,0
Andy Irving,sct SCO,West Ham,MF,24-354,10,1,166,0,0,2,0,0.1,0.2,0,9,4,0.0,0.0,0.06,0.13,,,,,50.0,1.08,0.0,26.2,109,87.9,439,95.3,83.7,100.0,1,14,1,1,9,5,2.68,0,0.0,7,4,5,4,5,1,4,1,150,7,37,89,24,0,1,100.0,0.0,73,137,0,1,0,1,3,104,4,6,1,0,2,10,1,1,50.0,0
Antonín Kinský,cz CZE,Tottenham,GK,22-050,4,4,360,0,0,0,0,0.0,0.1,1,1,0,0.0,0.0,0.0,0.02,1.75,56.3,25.0,,,0.0,,,116,80.0,1686,100.0,96.1,47.9,1,2,0,0,1,1,0.25,0,0.0,3,1,1,0,0,0,0,0,156,134,154,2,0,0,0,,,97,267,1,0,0,0,0,98,0,0,0,0,0,4,2,0,100.0,0
Archie Gray,eng ENG,Tottenham,"DF,MF",19-051,24,15,1391,0,0,0,0,0.0,0.1,5,32,15,0.0,0.0,0.0,0.01,,,,,100.0,0.06,0.0,24.6,912,88.6,4908,92.6,92.9,60.7,2,37,0,0,32,5,0.32,0,0.0,12,6,16,10,19,10,9,12,1138,134,546,520,82,2,10,50.0,40.0,798,1496,5,5,0,9,10,860,15,9,11,0,12,57,9,8,52.9,0
Arijanet Muric,xk KVX,Ipswich Town,GK,26-176,18,18,1620,0,0,1,0,0.0,0.0,0,1,0,0.0,0.0,0.0,0.0,1.83,70.0,5.6,0.0,,0.0,,,454,71.7,8247,100.0,97.3,40.6,0,14,0,0,1,1,0.06,0,0.0,0,0,2,2,0,0,0,0,689,559,672,18,0,0,0,,,405,1178,0,0,0,3,1,321,0,0,4,0,0,26,11,1,91.7,0
Armando Broja,al ALB,Everton,FW,23-234,10,4,334,0,0,1,0,0.1,0.2,12,2,26,0.0,0.0,0.03,0.05,,,,,0.0,0.0,0.0,17.3,53,72.6,101,77.8,83.3,66.7,4,3,0,0,2,7,1.89,0,0.0,3,1,0,0,3,0,3,1,127,4,14,47,72,18,16,50.0,43.8,64,281,12,8,3,16,13,94,26,6,4,3,1,9,18,21,46.2,0
Armel Bella Kotchap,de GER,Southampton,DF,23-142,4,2,331,0,0,0,0,0.3,0.0,0,5,0,0.0,0.0,0.09,0.0,,,,,0.0,0.0,0.0,9.1,202,90.2,956,98.5,96.7,55.2,0,6,0,0,5,2,0.54,0,0.0,7,5,6,3,2,2,0,5,263,33,147,115,3,1,1,0.0,100.0,186,326,0,0,0,1,0,192,0,3,2,0,0,19,6,5,54.5,0
Axel Disasi,fr FRA,Aston Villa,DF,27-052,7,5,490,0,0,2,0,0.1,0.4,10,16,5,0.0,0.0,0.02,0.07,,,,,0.0,0.0,0.0,19.5,243,86.8,1517,94.5,89.7,53.3,3,14,3,0,16,9,1.65,0,0.0,8,5,7,4,4,1,3,5,334,32,130,178,29,6,15,60.0,40.0,207,621,10,8,2,3,2,223,5,3,2,2,1,15,8,6,57.1,0
Axel Disasi,fr FRA,Chelsea,DF,27-052,6,4,364,1,0,1,0,0.3,0.1,6,16,2,0.25,0.0,0.07,0.02,,,,,50.0,0.25,0.5,12.3,266,90.8,1367,94.4,92.9,69.2,2,20,2,0,16,2,0.49,0,0.0,7,4,11,5,4,1,3,2,323,17,110,175,40,2,1,100.0,0.0,196,519,6,3,0,1,3,242,2,2,0,0,0,15,5,2,71.4,0
Axel Tuanzebe,cd COD,Ipswich Town,DF,27-169,18,17,1445,0,1,5,1,0.2,0.3,9,45,8,0.0,0.06,0.01,0.02,,,,,0.0,0.0,0.0,15.7,535,83.1,3171,91.0,81.8,56.1,4,49,2,0,45,11,0.68,2,0.12,29,17,24,8,18,9,9,21,789,89,343,347,105,6,10,40.0,60.0,338,724,9,6,1,11,1,407,8,12,11,0,6,43,15,16,48.4,0
Ayden Heaven,eng ENG,Manchester Utd,DF,18-222,2,1,95,0,0,0,0,0.0,0.0,1,2,1,0.0,0.0,0.0,0.0,,,,,,0.0,,,40,81.6,185,82.4,88.9,33.3,0,2,0,0,2,2,1.89,0,0.0,3,3,2,0,2,2,0,1,67,21,42,23,3,1,2,100.0,0.0,42,122,1,1,0,2,1,40,1,2,3,0,0,4,1,2,33.3,0
Bart Verbruggen,nl NED,Brighton,GK,22-257,32,32,2880,0,1,5,0,0.0,0.0,0,2,0,0.0,0.03,0.0,0.0,1.69,63.3,18.8,0.0,,0.0,,,919,78.0,14682,99.2,98.2,47.2,1,17,1,0,2,5,0.16,1,0.03,0,0,3,3,1,0,1,0,1258,999,1245,13,0,0,2,100.0,0.0,853,1588,0,1,1,2,0,815,0,0,2,0,0,58,10,1,90.9,0
Ben Brereton,cl CHI,Southampton,FW,26-014,10,4,449,0,0,1,0,0.9,0.1,12,9,42,0.0,0.0,0.18,0.02,,,,,9.1,0.2,0.0,17.3,128,77.1,383,87.4,67.9,63.6,3,9,2,1,9,9,1.8,0,0.0,3,2,9,8,2,1,1,0,206,4,19,76,112,20,4,25.0,50.0,136,394,12,13,4,9,4,171,42,4,8,1,5,16,9,7,56.3,0
Ben Chilwell,eng ENG,Crystal Palace,DF,28-132,6,0,139,0,0,1,0,0.1,0.2,2,3,10,0.0,0.0,0.05,0.13,,,,,50.0,0.65,0.0,27.6,45,65.2,155,83.9,64.0,11.1,2,4,2,0,3,3,1.93,0,0.0,4,4,3,3,3,1,2,4,98,6,35,43,25,1,5,40.0,40.0,39,146,2,1,0,2,2,42,10,2,2,2,3,12,3,3,50.0,0
Ben Davies,wls WAL,Tottenham,DF,32-008,13,11,1036,0,0,3,0,0.3,0.2,13,49,6,0.0,0.0,0.02,0.02,,,,,20.0,0.09,0.0,17.0,745,89.4,5624,93.4,94.7,65.3,2,41,2,0,49,8,0.69,0,0.0,13,9,13,7,23,15,8,11,965,169,502,419,44,12,1,100.0,0.0,558,1633,13,9,0,4,0,653,6,12,5,0,4,34,41,35,53.9,0
Ben Godfrey,eng ENG,Ipswich Town,DF,27-107,3,2,159,0,0,1,0,0.0,0.0,2,4,1,0.0,0.0,0.0,0.0,,,,,,0.0,,,47,82.5,255,90.9,88.9,,0,5,1,0,4,1,0.57,0,0.0,1,0,1,0,1,1,0,2,68,6,26,33,9,1,0,,,33,79,2,2,0,2,1,42,1,1,0,0,0,2,3,0,100.0,0
Ben Mee,eng ENG,Brentford,DF,35-223,7,2,183,0,0,2,0,0.0,0.0,3,11,2,0.0,0.0,0.0,0.0,,,,,,0.0,,,93,77.5,688,89.5,85.0,40.0,0,10,0,0,11,0,0.0,0,0.0,2,2,1,0,3,3,0,4,138,18,66,62,11,3,0,,,78,274,3,1,1,0,0,86,2,5,0,0,0,11,5,5,50.0,0
Ben White,eng ENG,Arsenal,DF,27-206,13,9,856,0,1,2,0,0.4,0.8,10,42,27,0.0,0.11,0.04,0.09,,,,,14.3,0.11,0.0,19.1,421,83.9,2340,92.4,84.9,47.6,7,37,8,1,42,15,1.58,1,0.11,12,8,24,14,9,7,2,12,585,44,167,263,159,19,3,0.0,66.7,279,559,10,10,3,8,4,359,27,8,4,1,10,24,11,3,78.6,0
Benoît Badiashile,fr FRA,Chelsea,DF,24-037,5,3,334,0,0,0,0,0.0,0.0,3,17,2,0.0,0.0,0.0,0.0,,,,,,0.0,,,273,89.8,1473,93.3,93.8,65.6,0,37,1,0,17,0,0.0,0,0.0,9,6,5,1,2,2,0,6,336,31,138,186,13,0,1,0.0,100.0,177,340,3,5,0,1,0,247,2,6,2,0,0,18,8,2,80.0,0
Bernd Leno,de GER,Fulham,GK,33-059,34,34,3060,0,1,4,0,0.0,0.1,0,0,0,0.0,0.03,0.0,0.0,1.35,68.3,14.7,0.0,,0.0,,,1030,81.2,14925,99.5,98.9,46.7,2,14,2,0,0,5,0.15,2,0.06,2,2,2,0,1,0,1,0,1328,1066,1318,10,0,0,0,,,879,1981,0,0,0,0,0,781,0,0,3,0,0,47,9,0,100.0,0
Billy Gilmour,sct SCO,Brighton,MF,23-325,2,1,98,0,0,0,0,0.1,0.0,2,11,2,0.0,0.0,0.07,0.0,,,,,0.0,0.0,0.0,25.5,58,86.6,346,94.7,81.8,57.1,0,12,2,0,11,3,2.76,0,0.0,3,3,4,1,1,0,1,0,73,2,14,46,13,0,2,50.0,50.0,44,117,2,0,0,0,0,58,2,2,3,0,1,5,0,0,,0
Caleb Okoli,it ITA,Leicester City,DF,23-293,18,12,1124,1,0,4,0,0.6,0.0,3,32,2,0.08,0.0,0.05,0.0,,,,,50.0,0.16,0.25,13.5,558,86.4,3849,91.3,91.0,55.4,0,21,1,0,32,4,0.32,0,0.0,25,14,18,7,24,14,10,15,804,152,450,324,35,10,0,,,467,1106,3,6,0,10,2,483,2,16,9,0,1,44,23,21,52.3,0
Callum Wilson,eng ENG,Newcastle Utd,FW,33-064,14,1,268,0,0,1,0,0.3,0.1,5,3,11,0.0,0.0,0.11,0.02,,,,,0.0,0.0,0.0,15.0,27,69.2,77,76.5,80.0,,1,1,0,0,3,6,2.01,0,0.0,2,2,2,2,2,0,2,1,71,1,5,41,28,15,5,20.0,40.0,36,92,5,4,5,10,8,42,11,2,1,3,2,10,2,12,14.3,0
Cameron Burgess,au AUS,Ipswich Town,DF,29-193,16,14,1361,0,1,0,0,0.7,0.5,2,40,4,0.0,0.07,0.05,0.03,,,,,11.1,0.07,0.0,9.7,542,80.8,4749,90.8,86.5,50.9,6,42,4,0,40,12,0.79,2,0.13,14,9,9,2,18,13,5,13,849,204,510,296,44,21,0,,,391,935,2,4,0,2,0,492,4,4,4,1,0,37,38,19,66.7,0
Caoimhín Kelleher,ie IRL,Liverpool,GK,26-160,10,10,900,0,0,0,0,0.0,0.0,0,0,0,0.0,0.0,0.0,0.0,1.2,67.6,40.0,100.0,,0.0,,,289,75.7,3968,100.0,100.0,31.9,0,6,0,0,0,3,0.3,1,0.1,0,0,0,0,0,0,0,0,398,286,396,2,0,0,1,100.0,0.0,290,616,0,0,0,1,0,275,0,0,3,0,0,18,1,0,100.0,0
Carlos Forbs,pt POR,Wolves,"MF,FW",21-044,10,1,239,0,0,2,0,0.1,0.0,10,8,28,0.0,0.0,0.05,0.01,,,,,0.0,0.0,0.0,19.1,60,65.9,228,76.5,73.1,20.0,1,2,3,1,8,5,1.89,1,0.38,8,5,6,2,3,0,3,1,121,3,23,39,60,13,12,58.3,41.7,75,321,10,3,8,7,4,85,28,2,1,0,9,11,1,3,25.0,0
Charlie Taylor,eng ENG,Southampton,DF,31-226,7,2,266,0,0,1,0,0.0,0.1,3,8,6,0.0,0.0,0.0,0.03,,,,,,0.0,,,154,87.0,691,94.0,89.5,70.6,1,8,2,1,8,2,0.68,1,0.34,7,5,6,1,5,3,2,3,219,21,93,91,36,1,2,100.0,0.0,91,155,3,3,0,1,1,133,6,2,2,0,9,7,4,2,66.7,0
Cheick Doucouré,ml MLI,Crystal Palace,MF,25-114,13,4,452,0,0,1,0,0.4,0.0,2,19,7,0.0,0.0,0.08,0.0,,,,,0.0,0.0,0.0,20.6,174,85.3,823,89.4,89.7,80.0,1,17,3,0,19,9,1.79,3,0.6,16,8,11,6,4,0,4,11,263,11,56,165,45,4,5,40.0,40.0,133,280,2,7,1,4,7,160,7,7,7,0,1,31,5,5,50.0,0
Chiedozie Ogbene,ie IRL,Ipswich Town,FW,28-001,5,3,238,0,0,0,0,0.0,0.1,7,0,15,0.0,0.0,0.0,0.03,,,,,,0.0,,,32,74.4,27,83.3,80.0,100.0,2,0,0,0,0,3,1.13,0,0.0,7,3,4,2,1,0,1,1,70,3,11,19,40,6,7,14.3,42.9,41,139,7,2,2,4,2,43,15,2,7,1,4,6,1,6,14.3,0
Chris Richards,us USA,Crystal Palace,DF,25-035,20,18,1562,1,0,4,1,1.2,0.1,5,34,1,0.06,0.0,0.07,0.01,,,,,50.0,0.29,0.1,11.8,583,81.1,3673,89.2,90.3,44.2,2,20,0,0,34,7,0.4,2,0.12,42,27,38,15,35,13,22,10,935,111,513,371,56,15,6,16.7,83.3,433,850,5,5,0,5,5,525,1,11,4,1,1,48,33,35,48.5,0
Christian Walton,eng ENG,Ipswich Town,GK,29-174,6,6,540,0,0,0,0,0.0,0.0,0,0,0,0.0,0.0,0.0,0.0,2.67,57.6,16.7,0.0,,0.0,,,152,67.3,2976,100.0,97.2,36.8,1,1,0,0,0,2,0.33,0,0.0,0,0,1,1,0,0,0,0,242,224,241,1,0,0,0,,,122,305,0,0,0,0,0,117,0,0,1,0,0,5,2,0,100.0,0
Conor Bradley,nir NIR,Liverpool,DF,21-297,15,4,533,0,1,3,0,0.6,0.5,26,25,27,0.0,0.17,0.1,0.08,,,,,33.3,0.51,0.0,14.3,358,83.8,1376,91.6,88.2,35.5,5,20,3,1,25,16,2.71,2,0.34,11,8,16,8,4,0,4,3,511,17,142,238,140,33,16,37.5,56.3,282,1012,26,17,7,8,2,322,27,8,10,0,5,34,7,6,53.8,0
Conor Coady,eng ENG,Leicester City,DF,32-066,18,15,1354,0,0,2,0,0.1,0.1,2,28,0,0.0,0.0,0.01,0.0,,,,,100.0,0.07,0.0,9.2,764,90.6,4968,96.7,96.8,52.9,1,31,2,0,28,4,0.27,0,0.0,12,8,5,2,26,19,7,11,958,186,521,421,17,6,2,50.0,50.0,636,1403,2,2,1,4,2,703,0,7,2,1,0,46,13,16,44.8,0
Conor Townsend,eng ENG,Ipswich Town,DF,32-059,6,3,335,0,1,1,0,0.0,0.7,2,8,13,0.0,0.27,0.01,0.18,,,,,0.0,0.0,0.0,16.7,80,63.0,756,82.1,74.5,29.2,4,7,2,2,8,5,1.34,1,0.27,11,8,11,3,8,6,2,4,172,28,87,50,38,5,0,,,53,136,2,2,0,2,2,75,13,2,4,0,12,8,6,4,60.0,0
Craig Dawson,eng ENG,Wolves,DF,34-361,15,10,971,0,0,2,0,0.5,0.0,6,20,5,0.0,0.0,0.05,0.0,,,,,20.0,0.09,0.0,8.5,484,86.6,3180,92.5,93.0,60.0,2,22,1,0,20,7,0.65,2,0.19,15,3,15,3,16,11,5,9,671,130,396,249,28,14,5,20.0,40.0,390,938,6,1,0,2,0,443,5,6,5,2,0,35,21,11,65.6,0
Danilo,br BRA,Nott'ham Forest,"MF,FW",24-003,7,5,267,0,0,0,0,0.0,0.0,2,11,1,0.0,0.0,0.0,0.0,,,,,,0.0,,,89,78.1,534,84.3,83.7,60.0,0,13,0,0,11,7,2.37,2,0.68,6,3,4,2,2,1,1,3,140,8,50,78,13,0,6,50.0,50.0,49,61,2,0,0,6,0,83,1,1,0,0,3,18,1,1,50.0,0
Danny Ward,wls WAL,Leicester City,GK,31-314,2,1,135,0,0,0,0,0.0,0.0,0,0,0,0.0,0.0,0.0,0.0,4.0,40.0,0.0,,,0.0,,,41,77.4,949,100.0,100.0,55.6,0,2,0,0,0,0,0.0,0,0.0,0,0,0,0,0,0,0,0,55,40,55,0,0,0,1,0.0,100.0,44,107,0,0,0,0,0,35,0,0,0,0,0,1,0,0,,0
David Raya,es ESP,Arsenal,GK,29-229,34,34,3060,0,0,2,0,0.0,0.0,0,12,0,0.0,0.0,0.0,0.0,0.85,75.5,35.3,0.0,,0.0,,,945,74.7,15282,99.3,98.4,38.1,0,39,1,0,12,4,0.12,1,0.03,0,0,2,2,0,0,0,2,1321,772,1240,81,0,0,1,100.0,0.0,821,2479,0,0,0,1,0,756,0,1,8,0,0,38,10,0,100.0,0
Dean Henderson,eng ENG,Crystal Palace,GK,28-051,34,34,3060,0,0,3,0,0.0,0.1,0,0,0,0.0,0.0,0.0,0.0,1.38,66.9,29.4,50.0,0.0,0.0,0.0,14.9,672,61.8,12196,99.4,99.4,31.3,2,20,1,0,0,3,0.09,0,0.0,2,1,6,4,0,0,0,0,1173,954,1169,3,1,1,0,,,674,1919,0,0,0,2,0,510,0,0,0,0,0,25,11,1,91.7,0
Diego Carlos,br BRA,Aston Villa,DF,32-048,10,8,830,0,0,1,0,0.6,0.0,3,34,0,0.0,0.0,0.07,0.0,,,,,25.0,0.11,0.0,6.7,534,88.6,4103,91.4,94.2,65.1,0,23,1,0,34,4,0.43,0,0.0,8,3,6,2,13,7,6,5,674,86,331,330,15,6,2,100.0,0.0,419,1162,3,3,0,1,2,481,0,11,1,1,0,36,11,10,52.4,0
Diego Gómez,py PAR,Brighton,MF,22-036,12,4,440,0,0,0,0,0.4,0.5,5,20,14,0.0,0.0,0.09,0.1,,,,,0.0,0.0,0.0,21.5,206,79.8,743,85.8,84.1,52.2,5,12,5,1,20,14,2.86,3,0.61,17,10,18,9,11,0,11,7,342,18,79,184,83,5,12,50.0,50.0,161,254,5,3,0,6,9,203,14,7,2,1,9,30,7,3,70.0,0
Ederson,br BRA,Manchester City,GK,31-258,22,22,1960,0,4,3,0,0.0,1.5,0,1,0,0.0,0.18,0.0,0.07,1.15,68.5,31.8,0.0,,0.0,,,693,88.1,11243,100.0,98.3,65.7,4,20,1,0,1,6,0.28,4,0.18,0,0,2,2,0,0,0,1,833,587,824,9,0,0,0,,,563,1671,0,0,0,1,0,529,0,1,0,0,0,37,4,1,80.0,0
Edmond-Paris Maghoma,eng ENG,Brentford,"MF,FW",23-359,8,0,119,0,0,0,0,0.1,0.1,4,13,4,0.0,0.0,0.09,0.08,,,,,0.0,0.0,0.0,23.8,76,90.5,343,95.0,93.5,85.7,1,2,0,0,13,4,3.03,1,0.76,2,1,3,2,2,2,0,1,101,2,18,58,27,4,4,75.0,25.0,68,221,4,3,1,2,0,75,4,2,4,0,3,7,1,3,25.0,0
Emi Buendía,ar ARG,Aston Villa,"MF,FW",28-128,12,0,98,0,0,1,0,0.7,0.0,3,7,6,0.0,0.0,0.6,0.02,,,,,0.0,0.0,0.0,19.1,49,81.7,166,91.7,85.7,20.0,1,4,1,0,7,3,2.76,0,0.0,6,6,5,5,5,1,4,0,82,0,17,35,31,3,2,0.0,100.0,53,119,3,5,0,4,3,64,6,4,6,0,0,8,0,2,0.0,0
Emil Krafth,se SWE,Newcastle Utd,DF,30-273,9,2,288,0,0,0,0,0.0,0.1,3,7,1,0.0,0.0,0.01,0.03,,,,,0.0,0.0,0.0,14.6,104,80.0,734,81.7,86.8,50.0,1,6,0,0,7,3,0.94,0,0.0,4,2,3,1,5,4,1,2,164,30,87,59,19,4,1,0.0,100.0,72,133,3,3,0,2,2,85,1,3,1,0,1,17,5,5,50.0,0
Emiliano Martínez,ar ARG,Aston Villa,GK,32-242,33,33,2880,0,0,4,0,0.0,0.5,0,3,0,0.0,0.0,0.0,0.02,1.41,65.9,15.2,50.0,,0.0,,,986,79.0,15650,97.8,98.1,49.9,2,21,0,0,3,6,0.19,1,0.03,3,3,2,0,1,0,1,0,1307,990,1292,15,0,0,1,100.0,0.0,794,2586,0,0,0,1,0,718,0,1,5,0,0,28,8,1,88.9,0
Emmanuel Agbadou,ci CIV,Wolves,DF,27-319,12,12,1050,0,0,2,0,0.3,0.2,3,21,1,0.0,0.0,0.02,0.02,,,,,16.7,0.09,0.0,31.8,597,84.4,4346,91.7,92.3,60.0,4,23,1,0,21,15,1.29,2,0.17,25,17,17,6,15,11,4,9,844,137,473,355,22,5,10,70.0,20.0,508,1085,3,3,0,3,3,549,1,5,4,1,1,63,22,15,59.5,0
Evan Ferguson,ie IRL,West Ham,FW,20-195,7,1,145,0,0,0,0,0.6,0.3,1,0,6,0.0,0.0,0.35,0.19,,,,,20.0,0.62,0.0,17.2,26,78.8,11,83.3,71.4,0.0,2,0,0,0,0,4,2.48,0,0.0,2,0,0,0,2,1,1,1,62,1,6,27,29,10,5,60.0,40.0,31,41,1,1,1,8,5,40,6,1,2,0,0,8,5,8,38.5,0
Ferdi Kadioglu,tr TUR,Brighton,"DF,MF",25-207,6,5,385,1,0,1,0,0.4,0.2,1,15,27,0.23,0.0,0.1,0.04,,,,,25.0,0.23,0.25,15.1,144,82.3,698,89.0,82.4,64.3,5,10,9,4,15,13,3.03,2,0.47,10,6,15,9,2,2,0,8,231,13,71,91,72,9,7,42.9,42.9,124,183,1,0,0,6,2,144,27,5,3,1,9,14,3,1,75.0,0
Filip Jørgensen,dk DEN,Chelsea,GK,23-016,6,6,540,0,0,0,0,0.0,0.0,0,0,0,0.0,0.0,0.0,0.0,1.5,71.4,16.7,0.0,,0.0,,,158,83.6,1649,100.0,97.5,27.5,0,1,0,0,0,1,0.17,0,0.0,0,0,0,0,0,0,0,0,202,174,201,1,0,0,0,,,145,423,0,0,0,0,0,139,0,1,1,0,0,5,0,0,,0
Fraser Forster,eng ENG,Tottenham,GK,37-046,7,7,630,0,0,0,0,0.0,0.0,0,0,0,0.0,0.0,0.0,0.0,2.14,69.0,14.3,0.0,,0.0,,,168,84.8,2105,98.2,95.6,48.9,0,1,0,0,0,0,0.0,0,0.0,0,0,1,1,0,0,0,0,228,212,228,0,0,0,1,100.0,0.0,113,264,0,0,0,1,0,94,0,0,0,0,0,1,1,0,100.0,0
Guglielmo Vicario,it ITA,Tottenham,GK,28-207,22,22,1980,0,0,1,0,0.0,0.0,0,1,0,0.0,0.0,0.0,0.0,1.45,65.2,18.2,,,0.0,,,709,88.8,8006,99.1,97.3,51.0,0,1,0,0,1,4,0.18,0,0.0,0,0,0,0,0,0,0,1,848,568,830,18,0,0,1,100.0,0.0,606,1594,0,0,0,0,0,549,0,0,2,0,0,31,9,0,100.0,0
Guido Rodríguez,ar ARG,West Ham,MF,31-020,20,14,1018,0,0,5,0,0.2,0.1,2,31,5,0.0,0.0,0.02,0.01,,,,,12.5,0.09,0.0,27.8,419,84.1,2000,87.4,91.4,62.7,3,36,1,0,31,10,0.88,0,0.0,30,16,30,16,21,9,12,12,617,42,196,366,56,2,3,66.7,0.0,284,392,2,5,0,2,6,354,5,15,11,1,4,46,8,7,53.3,0
Hamza Choudhury,bd BAN,Leicester City,"MF,DF",27-213,4,1,131,0,0,0,0,0.0,0.4,4,3,6,0.0,0.0,0.0,0.27,,,,,,0.0,,,72,85.7,249,94.0,79.3,50.0,2,10,1,1,3,3,2.05,0,0.0,1,1,3,2,4,2,2,5,100,4,19,61,20,3,4,75.0,25.0,63,130,4,2,2,1,0,71,6,1,0,0,5,2,0,0,,0
Harry Amass,eng ENG,Manchester Utd,DF,18-047,3,2,166,0,0,0,0,0.0,0.0,5,4,12,0.0,0.0,0.01,0.01,,,,,0.0,0.0,0.0,29.6,77,82.8,172,91.4,76.0,25.0,1,3,0,0,4,5,2.71,0,0.0,4,1,3,2,3,0,3,1,121,7,39,37,46,2,3,66.7,33.3,61,178,5,4,1,6,4,64,12,2,3,1,4,10,5,1,83.3,0
Harry Clarke,eng ENG,Ipswich Town,DF,24-061,7,4,379,0,0,3,1,0.1,0.0,5,14,2,0.0,0.0,0.02,0.01,,,,,100.0,0.24,0.0,4.5,190,80.5,1226,91.6,87.5,57.5,1,21,1,0,14,1,0.24,0,0.0,5,3,6,3,5,4,1,4,268,18,100,122,47,2,2,50.0,50.0,118,222,5,7,0,4,2,163,2,5,1,0,5,17,10,4,71.4,0
Harry Toffolo,eng ENG,Nott'ham Forest,DF,29-256,4,1,137,0,0,1,0,0.0,0.0,0,2,4,0.0,0.0,0.01,0.0,,,,,0.0,0.0,0.0,28.5,47,70.1,304,93.8,62.5,14.3,0,1,0,0,2,0,0.0,0,0.0,5,3,4,1,2,2,0,2,88,9,32,22,34,2,0,,,17,23,0,0,0,0,0,30,4,1,0,0,4,2,1,0,100.0,0
Hákon Rafn Valdimarsson,is ISL,Brentford,GK,23-201,2,1,145,0,0,0,0,0.0,0.0,0,0,0,0.0,0.0,0.0,0.0,1.24,50.0,100.0,,,0.0,,,46,65.7,1110,100.0,100.0,41.5,0,2,0,0,0,2,1.24,0,0.0,0,0,0,0,0,0,0,0,72,60,71,1,0,0,0,,,44,80,0,0,0,0,0,36,0,0,0,0,0,1,1,0,100.0,0
Ibrahim Sangaré,ci CIV,Nott'ham Forest,MF,27-151,9,3,295,0,1,2,0,0.0,0.4,0,14,2,0.0,0.31,0.01,0.12,,,,,100.0,0.31,0.0,32.0,131,80.4,624,89.7,82.0,61.5,4,11,2,0,14,6,1.83,0,0.0,18,10,10,6,5,0,5,3,208,8,49,127,34,7,1,0.0,100.0,85,109,0,2,0,4,1,112,2,8,5,0,0,23,6,8,42.9,0
Igor,br BRA,Brighton,DF,27-084,12,9,903,0,0,4,0,0.0,0.2,9,44,0,0.0,0.0,0.0,0.02,,,,,0.0,0.0,0.0,14.1,628,92.1,3723,96.5,95.2,71.4,1,35,2,1,44,11,1.1,0,0.0,4,4,10,6,23,14,9,4,764,109,377,353,38,1,4,75.0,25.0,497,1782,9,14,0,1,0,568,0,9,6,0,2,40,8,6,57.1,0
Issa Diop,fr FRA,Fulham,DF,28-113,21,15,1339,0,0,2,0,0.5,0.1,6,25,3,0.0,0.0,0.04,0.01,,,,,40.0,0.13,0.0,10.7,663,87.5,4179,92.5,92.9,52.9,3,43,1,0,25,6,0.4,0,0.0,26,12,18,5,10,7,3,9,903,125,498,381,26,13,2,50.0,50.0,533,1216,6,2,0,9,2,617,3,10,4,0,1,45,20,12,62.5,0
Jack Stephens,eng ENG,Southampton,DF,31-095,16,14,1164,1,0,2,2,0.6,0.2,13,50,2,0.08,0.0,0.04,0.01,,,,,50.0,0.15,0.25,11.0,751,91.9,3649,92.9,94.3,81.3,3,46,5,0,50,12,0.93,0,0.0,31,18,26,11,14,9,5,11,935,106,387,458,94,11,4,0.0,100.0,520,1127,13,11,1,2,3,655,2,12,4,1,1,41,6,8,42.9,0
Jack Taylor,ie IRL,Ipswich Town,MF,26-313,28,2,685,1,0,3,0,0.7,0.5,11,39,18,0.13,0.0,0.09,0.07,,,,,23.5,0.53,0.06,23.0,273,81.3,1348,86.4,86.5,54.3,5,28,8,1,39,20,2.62,1,0.13,17,8,22,11,9,2,7,7,433,27,123,234,87,8,9,44.4,33.3,211,693,11,9,1,9,6,274,18,14,4,0,6,43,7,6,53.8,0
Jaden Philogene Bidace,eng ENG,Aston Villa,"FW,MF",23-083,11,2,332,0,0,4,1,0.5,0.3,7,4,17,0.0,0.0,0.13,0.08,,,,,0.0,0.0,0.0,16.0,63,73.3,161,81.6,85.7,66.7,1,1,3,0,4,5,1.36,0,0.0,11,5,6,2,5,0,5,3,145,4,27,54,66,14,15,26.7,53.3,75,239,7,5,7,7,3,83,17,12,8,1,4,21,0,5,0.0,0
Jahmai Simpson-Pusey,eng ENG,Manchester City,DF,19-179,2,1,96,0,0,1,0,0.0,0.0,1,3,0,0.0,0.0,0.0,0.0,,,,,,0.0,,,107,93.0,549,95.9,96.6,42.9,0,3,0,0,3,0,0.0,0,0.0,1,0,1,1,1,1,0,0,123,9,61,59,3,1,1,0.0,0.0,79,190,1,0,0,1,0,101,0,0,1,0,0,3,1,3,25.0,0
Jake O'Brien,ie IRL,Everton,DF,23-352,17,14,1301,2,0,4,0,0.7,0.6,7,41,24,0.14,0.0,0.05,0.04,,,,,60.0,0.21,0.4,11.5,461,77.2,3329,88.5,78.5,63.0,6,37,8,5,41,15,1.04,0,0.0,20,14,22,8,15,4,11,4,745,61,302,313,133,18,10,40.0,50.0,315,648,7,6,2,5,5,386,24,11,4,3,17,50,33,23,58.9,0
Jakub Kiwior,pl POL,Arsenal,DF,25-076,13,6,762,1,0,0,0,0.2,0.3,5,35,0,0.12,0.0,0.02,0.03,,,,,33.3,0.12,0.33,18.5,494,91.0,2525,94.0,95.3,56.4,3,45,3,0,35,6,0.71,0,0.0,12,6,11,3,8,5,3,2,611,59,193,368,50,4,4,75.0,25.0,352,808,5,4,1,3,1,464,0,8,3,0,1,18,8,7,53.3,0
Jakub Stolarczyk,pl POL,Leicester City,GK,24-134,6,6,540,0,0,1,0,0.0,0.0,0,1,0,0.0,0.0,0.0,0.0,2.0,58.6,0.0,,,0.0,,,152,67.9,3245,100.0,97.9,45.0,0,2,0,0,1,0,0.0,0,0.0,2,1,2,1,0,0,0,0,241,179,236,6,0,0,0,,,130,396,0,0,0,1,0,131,0,0,0,0,0,7,3,0,100.0,0
James Bree,eng ENG,Southampton,DF,27-203,15,11,895,0,1,0,0,0.1,0.9,10,31,34,0.0,0.1,0.01,0.09,,,,,25.0,0.1,0.0,22.7,440,83.8,1910,90.9,88.4,51.1,10,26,6,5,31,15,1.51,1,0.1,15,10,17,10,8,3,5,8,602,42,194,263,150,10,8,50.0,25.0,319,713,10,11,0,6,4,389,34,2,4,0,24,56,12,5,70.6,0
James Garner,eng ENG,Everton,"MF,DF",24-050,17,13,1234,0,1,3,0,0.3,1.3,10,38,22,0.0,0.07,0.02,0.09,,,,,28.6,0.15,0.0,24.1,434,72.8,2433,83.6,82.3,44.7,11,39,5,2,38,30,2.19,4,0.29,37,23,33,16,14,3,11,16,734,32,187,360,194,9,16,37.5,62.5,336,578,10,13,1,11,7,386,22,16,12,0,50,60,10,8,55.6,0
James Hill,eng ENG,Bournemouth,DF,23-112,10,6,448,0,1,1,0,0.3,0.3,3,16,8,0.0,0.2,0.06,0.05,,,,,0.0,0.0,0.0,13.9,159,64.9,1094,76.1,77.3,36.2,3,20,6,0,16,8,1.61,1,0.2,15,8,11,8,5,0,5,9,319,19,99,167,54,8,2,50.0,50.0,146,295,3,6,0,2,0,179,8,7,5,0,10,13,14,12,53.8,0
James Milner,eng ENG,Brighton,MF,39-118,3,3,169,0,0,1,0,0.2,0.2,1,10,10,0.0,0.0,0.09,0.12,,,,,0.0,0.0,0.0,16.0,55,75.3,347,92.9,76.7,40.0,4,3,1,1,10,8,4.26,0,0.0,5,2,3,0,4,2,2,2,92,3,13,48,31,4,1,100.0,0.0,46,97,1,1,0,0,0,58,10,3,1,0,8,2,0,1,0.0,0
James Ward-Prowse,eng ENG,West Ham,MF,30-182,11,9,802,0,1,2,0,0.5,1.1,9,45,4,0.0,0.11,0.06,0.12,,,,,28.6,0.22,0.0,20.7,523,87.6,2473,95.8,91.6,56.4,13,60,4,1,45,23,2.58,1,0.11,13,9,12,9,6,3,3,5,656,28,142,395,119,5,5,40.0,60.0,318,669,9,13,0,3,6,455,4,9,2,0,37,43,5,4,55.6,0
James Ward-Prowse,eng ENG,Nott'ham Forest,MF,30-182,9,5,400,0,1,2,1,0.1,1.1,1,16,3,0.0,0.23,0.01,0.25,,,,,50.0,0.23,0.0,29.0,145,79.7,768,93.2,86.9,34.8,4,16,2,0,16,10,2.25,2,0.45,4,1,2,0,3,2,1,5,205,13,49,115,45,1,0,,,92,170,1,3,0,3,3,115,3,7,2,0,19,19,3,5,37.5,0
Jannik Vestergaard,dk DEN,Leicester City,DF,32-272,18,16,1391,0,0,5,0,0.1,0.1,3,32,2,0.0,0.0,0.01,0.01,,,,,66.7,0.13,0.0,9.7,870,90.7,5807,95.0,93.7,59.3,3,34,1,0,32,7,0.45,0,0.0,22,10,15,6,21,14,7,16,1092,196,572,497,28,10,4,100.0,0.0,672,1458,3,3,0,2,0,757,2,12,4,0,0,46,26,19,57.8,0
Jarell Quansah,eng ENG,Liverpool,DF,22-093,11,2,315,0,0,1,0,0.1,0.1,2,12,4,0.0,0.0,0.03,0.02,,,,,0.0,0.0,0.0,8.9,206,90.4,1253,97.4,91.3,65.0,1,18,1,0,12,2,0.57,0,0.0,10,7,7,2,5,5,0,5,272,36,134,113,25,5,2,50.0,50.0,165,483,2,3,1,4,2,190,4,7,1,0,2,9,5,8,38.5,0
Jason Steele,eng ENG,Brighton,GK,34-257,2,2,180,0,0,0,0,0.0,0.0,0,0,0,0.0,0.0,0.0,0.0,0.5,75.0,50.0,,,0.0,,,101,90.2,1556,100.0,96.9,65.4,0,0,0,0,0,0,0.0,0,0.0,0,0,0,0,0,0,0,0,114,107,114,0,0,0,0,,,91,151,0,0,0,0,0,83,0,0,1,0,0,7,1,1,50.0,0
Jean-Clair Todibo,fr FRA,West Ham,DF,25-123,23,16,1485,0,0,2,0,0.2,0.0,9,28,5,0.0,0.0,0.01,0.0,,,,,0.0,0.0,0.0,14.6,761,87.9,4693,93.3,94.8,45.3,2,40,1,0,28,5,0.3,0,0.0,36,22,30,7,23,12,11,20,1044,142,583,432,38,9,14,50.0,50.0,604,1354,9,5,0,9,8,714,5,10,5,0,2,62,23,23,50.0,0
Jeffrey Schlupp,gh GHA,Crystal Palace,"MF,DF",32-130,12,0,103,0,0,0,0,0.2,0.2,4,5,9,0.0,0.0,0.14,0.14,,,,,50.0,1.75,0.0,17.7,39,78.0,144,84.2,78.3,50.0,3,4,2,0,5,7,6.06,0,0.0,2,0,3,3,6,0,6,0,79,2,9,31,41,6,1,100.0,0.0,30,67,4,1,1,7,0,41,9,1,0,0,4,6,3,4,42.9,0
Joe Gomez,eng ENG,Liverpool,DF,27-344,9,6,519,0,0,1,0,0.3,0.1,5,35,2,0.0,0.0,0.06,0.02,,,,,66.7,0.35,0.0,11.9,377,88.7,2299,91.2,93.6,61.9,2,29,0,0,35,5,0.87,1,0.17,13,10,16,5,9,6,3,7,481,54,183,264,37,5,0,,,303,947,5,2,1,1,2,335,2,2,3,0,2,34,9,4,69.2,0
Joe Lumley,eng ENG,Southampton,GK,30-076,3,3,270,0,0,0,0,0.0,0.0,0,0,0,0.0,0.0,0.0,0.0,2.33,65.0,0.0,,,0.0,,,106,70.2,1476,95.5,91.3,35.6,0,2,0,0,0,0,0.0,0,0.0,0,0,0,0,0,0,0,0,164,116,161,3,0,0,0,,,103,296,0,0,0,0,0,108,0,0,0,0,0,2,2,1,66.7,0
John Stones,eng ENG,Manchester City,"DF,MF",30-339,11,6,548,2,0,1,0,0.4,0.1,10,21,2,0.33,0.0,0.07,0.01,,,,,100.0,0.33,1.0,5.1,367,91.1,1601,94.4,92.5,77.5,2,42,0,0,21,8,1.31,2,0.33,6,2,5,0,5,3,2,4,442,40,142,234,68,4,2,100.0,0.0,292,1183,10,14,0,2,0,333,2,2,2,0,0,22,8,6,57.1,0
Jonny Evans,nir NIR,Manchester Utd,DF,37-119,6,3,290,0,0,1,0,0.1,0.0,1,8,2,0.0,0.0,0.03,0.0,,,,,0.0,0.0,0.0,8.4,174,88.8,784,94.3,90.0,50.0,0,9,1,0,8,2,0.62,0,0.0,7,5,4,2,2,1,1,4,223,30,125,91,11,2,1,100.0,0.0,128,183,1,0,0,1,0,137,2,5,6,0,0,15,8,3,72.7,0
Jordan Pickford,eng ENG,Everton,GK,31-056,34,34,3060,0,1,7,0,0.0,0.4,0,0,0,0.0,0.03,0.0,0.01,1.21,71.5,29.4,100.0,,0.0,,,939,66.2,22401,99.3,98.3,46.5,2,66,8,0,0,12,0.35,2,0.06,1,0,2,1,0,0,0,1,1518,989,1451,68,0,0,0,,,861,3099,0,0,0,2,0,756,0,0,6,0,0,31,4,1,80.0,0
Jorge Cuenca,es ESP,Fulham,DF,25-166,6,3,259,0,0,0,0,0.0,0.0,0,9,0,0.0,0.0,0.01,0.0,,,,,0.0,0.0,0.0,13.1,102,83.6,637,89.5,88.2,42.9,0,7,0,0,9,1,0.35,0,0.0,2,2,5,3,3,3,0,2,152,23,88,59,6,1,2,100.0,0.0,65,116,0,1,0,1,0,92,0,2,2,0,1,9,6,3,66.7,0
Jorginho,it ITA,Arsenal,MF,33-133,14,9,703,0,0,5,0,0.1,0.4,12,48,6,0.0,0.0,0.01,0.05,,,,,0.0,0.0,0.0,23.2,410,86.7,1591,91.5,88.4,58.3,3,44,10,0,48,12,1.55,0,0.0,12,4,20,12,3,0,3,7,519,9,92,303,130,3,4,25.0,50.0,302,874,12,13,0,10,9,388,6,15,17,0,1,54,1,6,14.3,0
Joshua Acheampong,eng ENG,Chelsea,DF,18-362,4,2,170,0,0,1,0,0.2,0.0,0,8,0,0.0,0.0,0.12,0.0,,,,,0.0,0.0,0.0,8.9,104,83.9,705,90.6,92.6,55.0,0,6,0,0,8,2,1.06,0,0.0,2,1,2,0,1,0,1,1,137,7,48,81,8,3,2,50.0,0.0,106,409,0,2,0,2,0,111,0,0,1,0,0,7,1,6,14.3,0
José Sá,pt POR,Wolves,GK,32-105,26,26,2340,0,0,2,0,0.0,0.1,0,2,0,0.0,0.0,0.0,0.01,1.69,62.3,26.9,33.3,,0.0,,,516,63.5,9273,99.0,97.3,30.4,2,17,1,0,2,4,0.15,0,0.0,2,2,2,0,0,0,0,0,870,690,862,9,0,0,7,100.0,0.0,537,2083,0,0,0,1,0,426,0,4,8,0,0,29,8,0,100.0,0
Julian Araujo,mx MEX,Bournemouth,DF,23-262,9,5,362,0,0,1,0,0.0,0.0,3,14,18,0.0,0.0,0.0,0.0,,,,,,0.0,,,143,79.0,767,89.5,84.4,40.9,0,15,1,0,14,4,0.99,0,0.0,7,3,10,6,3,0,3,4,216,15,71,105,45,2,0,,,96,195,3,1,0,4,2,114,18,4,1,0,5,26,2,6,25.0,0
Kepa Arrizabalaga,es ESP,Bournemouth,GK,30-211,27,27,2430,0,0,3,0,0.1,0.0,0,2,0,0.0,0.0,0.0,0.0,1.26,75.4,25.9,0.0,0.0,0.0,0.0,9.7,636,71.5,12113,98.0,98.2,46.9,1,9,0,0,2,4,0.15,0,0.0,1,0,1,1,1,0,1,0,945,695,918,26,1,1,1,100.0,0.0,534,1529,0,0,0,0,0,413,0,2,5,0,0,48,7,1,87.5,0
Kevin Danso,at AUT,Tottenham,DF,26-225,6,5,482,0,0,0,0,0.4,0.1,10,17,1,0.0,0.0,0.07,0.01,,,,,33.3,0.37,0.0,17.5,342,88.4,2032,90.4,93.2,54.1,2,22,2,1,17,7,1.31,2,0.37,5,4,6,2,6,6,0,2,453,55,241,190,24,7,2,50.0,50.0,320,903,10,4,0,7,1,334,1,6,7,0,1,21,12,8,60.0,0
Kieran Tierney,sct SCO,Arsenal,"DF,FW",27-331,10,1,181,0,0,0,0,0.2,0.9,5,12,22,0.0,0.0,0.1,0.43,,,,,0.0,0.0,0.0,2.6,96,82.1,461,94.5,78.3,54.5,7,7,5,2,12,8,3.98,0,0.0,5,4,5,2,0,0,0,2,133,4,20,46,67,4,3,33.3,33.3,58,125,5,3,1,1,0,90,22,0,2,2,10,3,3,5,37.5,0
Kiernan Dewsbury-Hall,eng ENG,Chelsea,"MF,FW",26-238,12,2,259,0,1,0,0,0.2,1.1,5,14,11,0.0,0.35,0.08,0.37,,,,,0.0,0.0,0.0,7.8,127,83.6,319,91.5,83.9,50.0,3,12,3,0,14,5,1.73,1,0.35,8,5,6,2,2,0,2,1,181,4,28,95,58,6,4,50.0,50.0,93,221,5,1,0,1,3,137,11,4,6,0,2,9,0,1,0.0,0
Kosta Nedeljković,rs SRB,Aston Villa,DF,19-137,5,0,126,0,0,0,0,0.0,0.0,1,6,0,0.0,0.0,0.0,0.0,,,,,,0.0,,,47,88.7,185,95.7,84.0,80.0,0,5,0,0,6,0,0.0,0,0.0,7,5,3,1,1,0,1,0,66,4,15,32,19,0,2,50.0,50.0,27,33,1,0,0,1,0,32,0,0,1,0,1,4,0,1,0.0,0
Kostas Tsimikas,gr GRE,Liverpool,DF,28-355,16,7,666,0,1,2,0,0.4,1.8,15,67,38,0.0,0.14,0.05,0.25,,,,,50.0,0.27,0.0,16.1,447,83.7,2524,94.3,88.3,51.2,11,39,9,3,67,23,3.1,2,0.27,27,17,19,6,5,2,3,10,607,24,136,280,195,11,8,50.0,25.0,298,671,15,5,2,4,4,382,38,9,6,1,53,26,5,6,45.5,0
Kyle Walker,eng ENG,Manchester City,DF,34-339,15,9,970,0,0,3,0,0.1,0.4,12,64,11,0.0,0.0,0.01,0.04,,,,,40.0,0.19,0.0,27.7,724,87.7,3918,94.6,91.3,51.2,7,63,7,4,64,17,1.58,0,0.0,17,10,26,12,13,4,9,3,892,26,197,473,228,5,6,50.0,33.3,499,1106,12,13,0,9,2,630,11,6,5,1,14,46,9,7,56.3,0
Lamare Bogarde,nl NED,Aston Villa,"DF,MF",21-117,8,5,476,0,0,2,0,0.0,0.1,12,14,9,0.0,0.0,0.01,0.02,,,,,100.0,0.19,0.0,20.2,240,88.2,1154,92.8,92.2,33.3,2,24,1,0,14,10,1.89,1,0.19,14,6,16,6,5,3,2,1,325,16,95,191,40,4,4,50.0,25.0,173,599,12,6,1,6,8,212,9,8,11,0,0,13,6,6,50.0,0
Leny Yoro,fr FRA,Manchester Utd,DF,19-170,19,11,1069,0,0,5,0,0.7,0.0,19,48,4,0.0,0.0,0.06,0.0,,,,,20.0,0.08,0.0,8.6,642,92.2,3393,95.5,93.9,65.0,1,43,4,1,48,7,0.59,0,0.0,25,10,17,6,5,3,2,17,814,80,378,377,61,13,3,33.3,66.7,553,1557,19,11,1,3,2,588,4,9,2,1,1,41,16,15,51.6,0
Lewis Miley,eng ENG,Newcastle Utd,MF,19-001,12,1,249,1,0,0,0,0.5,0.0,2,14,7,0.36,0.0,0.2,0.01,,,,,66.7,0.72,0.33,14.6,142,87.7,349,88.9,96.1,87.5,1,10,4,0,14,3,1.08,0,0.0,11,9,11,5,5,1,4,2,198,5,37,105,57,5,3,33.3,33.3,96,186,2,1,0,5,1,141,7,3,1,0,0,16,5,5,50.0,0
Lloyd Kelly,eng ENG,Newcastle Utd,DF,26-208,10,4,303,0,1,2,0,0.4,0.5,0,9,5,0.0,0.3,0.12,0.14,,,,,0.0,0.0,0.0,7.3,146,80.7,867,87.7,89.7,41.7,2,6,1,1,9,2,0.59,1,0.3,5,4,1,0,6,4,2,1,215,26,105,94,19,4,3,66.7,33.3,120,202,0,2,0,3,2,129,5,5,5,1,1,19,6,2,75.0,0
Luis Guilherme,br BRA,West Ham,"MF,FW",19-082,11,1,138,0,0,0,0,0.3,0.1,3,3,13,0.0,0.0,0.19,0.05,,,,,33.3,0.65,0.0,14.9,47,83.9,154,96.8,86.7,57.1,3,3,3,2,3,10,6.52,0,0.0,1,0,3,3,7,0,7,3,85,3,19,30,37,4,9,55.6,22.2,42,136,3,3,1,4,3,55,13,0,4,0,8,7,2,1,66.7,0
Luke Shaw,eng ENG,Manchester Utd,DF,29-294,4,1,173,0,0,1,0,0.0,0.7,6,18,7,0.0,0.0,0.02,0.37,,,,,0.0,0.0,0.0,23.1,159,84.1,998,93.5,85.5,60.0,5,12,3,1,18,9,4.68,0,0.0,3,2,1,0,2,1,1,2,204,8,73,94,37,4,1,0.0,100.0,151,386,6,6,0,1,0,161,7,2,0,0,9,9,3,0,100.0,0
Luke Thomas,eng ENG,Leicester City,DF,23-326,10,9,783,0,0,1,0,0.1,0.1,3,26,9,0.0,0.0,0.01,0.02,,,,,0.0,0.0,0.0,18.7,378,78.9,1981,91.5,82.7,42.9,4,25,2,1,26,6,0.69,0,0.0,24,20,32,14,13,5,8,15,589,38,224,286,83,5,5,40.0,60.0,283,446,3,6,1,10,1,325,9,4,6,0,20,32,9,11,45.0,0
Luke Woolfenden,eng ENG,Ipswich Town,DF,26-193,14,11,1097,0,0,2,0,0.0,0.0,7,15,0,0.0,0.0,0.0,0.0,,,,,0.0,0.0,0.0,12.9,450,87.7,2806,96.6,93.4,52.2,0,27,0,0,15,2,0.16,0,0.0,9,6,5,3,21,14,7,18,638,139,365,264,9,3,0,,,341,1165,7,3,0,4,0,399,0,5,2,1,0,35,15,12,55.6,0
Mads Hermansen,dk DEN,Leicester City,GK,24-295,27,27,2385,0,0,1,0,0.0,0.0,0,1,0,0.0,0.0,0.0,0.0,2.19,64.5,3.7,25.0,,0.0,,,654,61.0,12387,97.4,94.8,32.7,0,20,1,0,1,3,0.11,0,0.0,1,1,1,0,1,0,1,0,1147,831,1106,43,0,0,1,100.0,0.0,734,1904,0,0,0,1,0,625,0,0,3,0,0,17,4,1,80.0,0
Mads Roerslev,dk DEN,Brentford,DF,25-312,19,11,1101,0,2,2,0,0.2,3.0,17,51,54,0.0,0.16,0.02,0.24,,,,,40.0,0.16,0.0,20.8,422,78.7,2249,88.0,79.9,55.1,14,37,11,4,51,21,1.72,2,0.16,18,8,28,17,12,5,7,4,645,49,234,268,146,20,19,36.8,42.1,352,858,17,13,0,9,6,407,54,6,10,0,31,39,10,14,41.7,0
Marcos Senesi,ar ARG,Bournemouth,DF,27-357,15,12,1014,0,0,5,0,0.8,0.2,12,51,5,0.0,0.0,0.07,0.02,,,,,0.0,0.0,0.0,6.0,493,76.6,5319,88.0,85.9,49.7,3,73,12,3,51,16,1.42,1,0.09,35,21,30,16,15,7,8,11,783,67,349,376,67,12,9,55.6,44.4,483,1465,12,14,0,6,5,493,5,19,7,0,10,67,23,27,46.0,0
Mark Flekken,nl NED,Brentford,GK,31-323,33,33,2915,0,2,1,0,0.0,0.5,0,0,0,0.0,0.06,0.0,0.02,1.48,74.0,18.2,0.0,,0.0,,,1144,73.3,23289,97.9,97.5,50.0,3,45,2,0,0,8,0.25,2,0.06,4,4,9,6,2,0,2,0,1662,1305,1615,52,0,0,1,100.0,0.0,1013,2919,0,0,0,3,0,922,0,0,3,0,0,36,4,0,100.0,0
Mark Travers,ie IRL,Bournemouth,GK,25-349,5,5,450,0,0,0,0,0.0,0.0,0,0,0,0.0,0.0,0.0,0.0,1.0,80.0,20.0,,,0.0,,,100,70.4,2692,100.0,96.2,51.8,0,3,0,0,0,0,0.0,0,0.0,0,0,0,0,0,0,0,0,162,144,159,3,0,0,0,,,85,188,0,0,0,0,0,68,0,0,1,0,0,3,1,0,100.0,0
Martin Dúbravka,sk SVK,Newcastle Utd,GK,36-107,10,10,900,0,0,0,0,0.0,0.0,0,0,0,0.0,0.0,0.0,0.0,1.2,70.7,50.0,,,0.0,,,265,79.6,3082,100.0,100.0,40.2,0,0,0,0,0,0,0.0,0,0.0,0,0,0,0,0,0,0,0,350,262,337,14,0,0,0,,,202,643,0,0,0,0,0,175,0,0,1,0,0,18,4,0,100.0,0
Massimo Luongo,au AUS,Ipswich Town,MF,32-219,9,2,196,0,0,0,0,0.0,0.0,0,5,1,0.0,0.0,0.0,0.0,,,,,,0.0,,,43,75.4,135,90.0,68.8,42.9,0,1,0,0,5,0,0.0,0,0.0,8,5,7,3,4,2,2,2,77,9,33,25,19,1,0,,,40,25,0,0,0,2,3,44,1,1,2,0,1,10,1,0,100.0,0
Mathias Jensen,dk DEN,Brentford,MF,29-121,20,8,793,0,2,2,0,0.2,1.6,6,55,26,0.0,0.23,0.03,0.18,,,,,16.7,0.11,0.0,23.1,332,75.1,2233,87.4,78.6,55.7,15,39,17,2,55,37,4.19,4,0.45,13,9,15,8,13,4,9,8,518,24,117,220,184,9,15,60.0,26.7,276,541,6,8,0,8,6,318,26,7,10,0,31,45,8,5,61.5,0
Matz Sels,be BEL,Nott'ham Forest,GK,33-065,34,34,3060,0,0,3,0,0.0,0.0,0,1,0,0.0,0.0,0.0,0.0,1.21,73.8,38.2,0.0,,0.0,,,454,50.5,14867,100.0,97.8,36.5,1,39,2,0,1,5,0.15,0,0.0,1,1,1,0,0,0,0,0,990,757,975,15,0,0,0,,,483,1481,0,0,0,0,0,383,0,0,10,0,0,11,14,2,87.5,0
Michael Kayode,it ITA,Brentford,DF,20-296,8,2,211,0,0,1,0,0.1,0.2,4,2,11,0.0,0.0,0.03,0.06,,,,,0.0,0.0,0.0,18.5,58,65.9,377,73.3,68.9,45.5,2,3,1,1,2,6,2.56,1,0.43,11,7,5,0,0,0,0,2,112,13,47,36,31,7,3,66.7,33.3,44,149,4,2,2,3,0,41,11,5,1,0,7,15,1,1,50.0,0
Michael Keane,eng ENG,Everton,DF,32-111,11,9,852,2,0,5,0,0.4,0.1,1,12,3,0.21,0.0,0.05,0.01,,,,,37.5,0.32,0.25,14.8,258,81.6,1868,88.5,90.3,75.3,2,17,0,0,12,6,0.63,0,0.0,10,7,13,6,11,7,4,10,426,85,241,169,18,14,1,0.0,100.0,189,236,1,1,0,1,2,240,3,9,0,0,1,24,20,14,58.8,0
Micky van de Ven,nl NED,Tottenham,DF,24-013,12,11,950,0,2,4,0,0.6,1.2,8,51,1,0.0,0.19,0.05,0.11,,,,,33.3,0.19,0.0,11.1,706,91.0,4092,91.7,96.5,62.5,2,50,1,0,51,11,1.04,2,0.19,10,6,14,6,9,6,3,10,862,101,442,393,36,9,8,50.0,50.0,599,1388,8,10,1,5,4,629,1,10,8,0,0,61,19,18,51.4,0
Morato,br BRA,Nott'ham Forest,DF,23-306,23,5,799,0,0,2,0,0.2,0.0,0,14,1,0.0,0.0,0.02,0.0,,,,,50.0,0.11,0.0,8.6,181,74.2,1521,83.7,83.5,35.7,0,11,0,0,14,3,0.34,0,0.0,21,13,20,7,11,4,7,10,382,82,237,128,19,2,1,100.0,0.0,124,273,0,2,0,6,3,158,1,10,2,0,0,31,5,13,27.8,0
Myles Lewis-Skelly,eng ENG,Arsenal,DF,18-218,19,12,1078,1,0,2,2,0.1,0.3,29,57,32,0.08,0.0,0.01,0.03,,,,,50.0,0.08,0.5,14.3,549,90.7,1755,95.7,90.8,63.2,6,54,8,1,57,21,1.75,0,0.0,21,14,9,0,1,0,1,6,705,18,124,386,208,14,26,46.2,34.6,402,1332,29,21,5,9,8,482,32,10,35,0,8,42,7,7,50.0,0
Nathan Aké,nl NED,Manchester City,DF,30-073,10,8,678,0,0,0,0,0.2,0.0,12,50,2,0.0,0.0,0.03,0.0,,,,,0.0,0.0,0.0,10.0,509,93.9,2950,98.0,97.1,58.8,1,42,1,0,50,8,1.06,0,0.0,9,7,6,2,7,2,5,3,596,51,205,331,61,5,1,100.0,0.0,403,1501,12,12,1,4,3,449,2,2,0,0,1,24,13,10,56.5,0
Nathan Patterson,sct SCO,Everton,DF,23-198,9,2,266,0,0,0,0,0.1,0.3,5,9,10,0.0,0.0,0.02,0.12,,,,,0.0,0.0,0.0,16.8,96,74.4,595,94.2,66.7,47.1,2,7,4,2,9,7,2.37,0,0.0,8,4,11,6,2,0,2,1,159,11,46,63,52,4,8,87.5,0.0,60,140,5,2,2,4,2,81,10,4,1,0,8,9,1,5,16.7,0
Nathan Wood-Gordon,eng ENG,Southampton,DF,22-336,9,7,624,0,0,2,0,0.2,0.0,2,17,0,0.0,0.0,0.03,0.0,,,,,0.0,0.0,0.0,5.9,363,92.8,1494,94.4,96.4,69.6,1,11,0,0,17,3,0.43,0,0.0,10,7,8,3,8,5,3,4,457,54,219,212,27,2,5,60.0,20.0,253,454,2,6,0,4,1,339,0,8,4,0,3,20,11,7,61.1,0
Nathaniel Clyne,eng ENG,Crystal Palace,"DF,MF",34-027,13,5,483,0,0,1,0,0.0,0.3,6,7,8,0.0,0.0,0.0,0.06,,,,,0.0,0.0,0.0,31.4,171,76.0,1102,80.9,88.4,46.7,3,16,2,1,7,3,0.56,0,0.0,12,8,11,5,4,2,2,3,273,18,111,125,37,3,1,0.0,100.0,158,314,6,2,3,5,2,178,8,2,2,0,7,10,1,7,12.5,0
Neto,br BRA,Bournemouth,GK,35-287,2,2,180,0,0,0,0,0.0,0.0,0,0,0,0.0,0.0,0.0,0.0,1.0,84.6,0.0,,,0.0,,,40,64.5,896,100.0,100.0,36.4,0,2,0,0,0,0,0.0,0,0.0,0,0,0,0,0,0,0,0,70,60,70,0,0,0,0,,,35,99,0,0,0,0,0,28,0,0,2,0,0,3,0,0,,0
Nick Pope,eng ENG,Newcastle Utd,GK,33-013,24,24,2160,0,0,2,0,0.0,0.0,0,1,0,0.0,0.0,0.0,0.0,1.33,70.5,29.2,50.0,,0.0,,,484,72.5,7602,99.0,98.4,42.6,1,2,0,0,1,5,0.21,0,0.0,0,0,0,0,1,0,1,1,747,596,737,10,0,0,0,,,388,1475,0,0,0,0,1,263,0,2,5,0,0,19,11,1,91.7,0
Nico O’Reilly,eng ENG,Manchester City,DF,20-042,7,5,456,2,0,0,0,1.2,0.4,15,13,23,0.39,0.0,0.23,0.07,,,,,33.3,0.39,0.33,16.3,275,86.5,717,91.6,82.8,50.0,4,25,1,1,13,12,2.37,2,0.39,7,4,5,3,2,0,2,3,369,12,58,201,115,15,13,69.2,30.8,224,542,15,12,0,10,8,265,23,6,4,1,8,27,4,7,36.4,0
Nicolás González,es ESP,Manchester City,MF,23-119,8,8,647,0,0,3,0,0.3,0.1,5,46,10,0.0,0.0,0.04,0.01,,,,,0.0,0.0,0.0,19.3,520,92.9,1760,95.9,92.7,71.4,1,48,4,0,46,15,2.08,3,0.42,15,6,11,5,9,0,9,4,635,13,98,397,143,7,6,16.7,50.0,386,615,5,9,1,7,10,484,10,11,4,0,0,31,15,11,57.7,0
Oleksandr Zinchenko,ua UKR,Arsenal,"DF,MF",28-138,12,4,450,0,1,1,0,0.3,0.1,10,35,12,0.0,0.2,0.05,0.03,,,,,0.0,0.0,0.0,18.0,302,83.0,1023,92.4,86.0,45.2,2,24,7,1,35,15,3.0,2,0.4,4,1,7,5,5,0,5,4,396,13,74,200,123,18,3,66.7,0.0,227,492,10,5,3,3,4,277,12,8,3,1,10,16,11,11,50.0,0
Oliver Scarles,eng ENG,West Ham,DF,19-141,14,6,594,0,0,1,0,0.1,0.0,11,21,39,0.0,0.0,0.02,0.0,,,,,0.0,0.0,0.0,20.2,260,78.1,1062,88.7,83.5,29.4,1,9,5,1,21,5,0.76,0,0.0,17,11,21,8,14,2,12,10,420,27,140,166,118,7,6,16.7,83.3,190,445,11,9,1,10,3,243,39,4,3,1,13,33,5,5,50.0,0
Oliver Skipp,eng ENG,Leicester City,MF,24-228,20,7,907,0,0,7,0,0.2,0.3,15,29,18,0.0,0.0,0.02,0.03,,,,,25.0,0.1,0.0,21.0,352,84.6,1356,87.8,93.1,62.1,9,28,4,0,29,14,1.39,0,0.0,17,4,14,6,15,3,12,9,503,23,111,316,80,7,11,54.5,45.5,295,576,15,7,3,11,5,350,18,17,13,0,4,37,10,5,66.7,0
Orel Mangala,be BEL,Everton,MF,27-045,19,14,1261,1,0,2,0,1.1,0.6,6,34,19,0.07,0.0,0.08,0.05,,,,,37.5,0.43,0.06,22.1,437,89.2,1567,90.5,94.9,76.7,8,50,8,1,34,24,1.72,1,0.07,16,8,8,3,8,3,5,21,621,22,133,335,157,13,24,58.3,37.5,298,576,6,6,3,12,12,406,19,24,17,2,6,49,6,8,42.9,0
Patrick Dorgu,dk DEN,Manchester Utd,DF,20-188,8,7,585,0,0,3,1,0.4,0.4,25,21,53,0.0,0.0,0.06,0.07,,,,,22.2,0.31,0.0,16.2,261,79.6,846,88.6,73.3,37.5,7,15,6,2,21,13,2.0,1,0.15,23,17,17,5,8,0,8,4,410,13,117,135,160,23,9,33.3,33.3,231,793,25,13,4,10,8,260,53,13,19,3,28,26,11,5,68.8,0
Pau Torres,es ESP,Aston Villa,DF,28-106,20,20,1729,0,0,1,0,0.5,0.1,33,74,4,0.0,0.0,0.03,0.0,,,,,25.0,0.1,0.0,11.7,1032,88.3,6794,94.7,93.1,51.2,2,93,7,0,74,12,0.62,2,0.1,20,14,15,6,14,10,4,9,1293,209,626,595,78,15,17,88.2,11.8,803,3503,33,20,0,3,3,923,4,6,7,0,1,53,16,22,42.1,0
Radu Drăgușin,ro ROU,Tottenham,DF,23-088,16,14,1252,0,0,1,0,0.1,0.4,7,37,2,0.0,0.0,0.01,0.03,,,,,20.0,0.07,0.0,12.7,716,85.2,5250,91.0,93.0,43.9,4,52,2,1,37,8,0.58,1,0.07,10,6,12,6,22,16,6,15,961,148,510,430,30,12,2,0.0,0.0,623,1666,7,3,0,8,2,669,2,6,10,0,1,48,33,22,60.0,0
Reece James,eng ENG,Chelsea,"DF,MF",25-145,15,10,835,1,0,1,0,0.3,0.5,6,51,9,0.11,0.0,0.03,0.06,,,,,37.5,0.32,0.13,23.2,572,84.5,3532,94.3,88.9,51.5,10,72,5,1,51,15,1.62,1,0.11,9,9,9,6,12,4,8,12,759,32,213,423,128,4,16,37.5,37.5,397,728,6,4,0,6,5,480,9,6,10,0,38,53,21,6,77.8,0
Renato Veiga,pt POR,Chelsea,"DF,MF",21-277,7,1,181,0,0,2,0,0.1,0.0,4,7,3,0.0,0.0,0.07,0.0,,,,,33.3,0.5,0.0,17.1,118,84.9,435,88.2,90.2,61.9,0,6,1,0,7,1,0.49,0,0.0,9,6,12,8,3,1,2,1,167,2,61,82,27,3,5,60.0,40.0,85,144,4,5,1,1,0,110,3,6,1,1,0,9,3,3,50.0,0
Ricardo Pereira,pt POR,Leicester City,DF,31-208,8,4,342,0,0,1,0,0.1,0.0,3,14,5,0.0,0.0,0.02,0.0,,,,,50.0,0.26,0.0,17.0,178,82.4,821,86.7,83.7,85.7,0,18,0,0,14,3,0.79,0,0.0,11,6,12,6,6,2,4,2,255,14,78,141,37,5,8,62.5,25.0,132,147,3,3,2,2,0,143,5,4,6,0,3,16,4,2,66.7,0
Riccardo Calafiori,it ITA,Arsenal,DF,22-348,17,11,925,2,1,4,0,0.9,0.3,21,54,29,0.19,0.1,0.08,0.03,,,,,60.0,0.58,0.2,14.1,449,85.4,1644,91.6,85.7,67.9,6,40,9,1,54,13,1.26,2,0.19,26,18,29,11,12,6,6,9,628,30,161,249,222,29,13,69.2,23.1,291,839,21,12,3,11,5,377,29,16,6,3,11,30,22,13,62.9,0
Robert Sánchez,es ESP,Chelsea,GK,27-165,28,28,2520,0,0,5,0,0.0,0.1,0,1,0,0.0,0.0,0.0,0.0,1.11,76.7,28.6,20.0,,0.0,,,790,72.1,12552,99.5,96.3,38.9,2,24,1,0,1,7,0.25,2,0.07,0,0,1,1,0,0,0,2,1163,856,1152,11,0,0,0,,,777,2394,0,0,0,0,0,724,0,2,4,0,0,41,8,0,100.0,0
Robin Olsen,se SWE,Aston Villa,GK,35-114,3,1,180,0,0,0,0,0.0,0.0,0,0,0,0.0,0.0,0.0,0.0,2.0,55.6,100.0,,,0.0,,,54,71.1,983,100.0,100.0,37.1,0,2,0,0,0,2,1.0,1,0.5,1,0,1,0,0,0,0,0,83,73,82,1,0,0,0,,,44,109,0,0,0,0,0,41,0,0,0,0,0,2,0,0,,0
Roméo Lavia,be BEL,Chelsea,MF,21-116,12,9,607,0,1,4,0,0.2,0.7,3,23,6,0.0,0.15,0.03,0.11,,,,,0.0,0.0,0.0,16.0,302,91.0,1375,90.4,94.6,80.0,7,39,3,0,23,13,1.93,2,0.3,19,11,16,8,6,0,6,13,387,13,91,242,58,1,13,61.5,38.5,230,466,3,8,0,1,7,277,6,12,3,0,0,30,10,2,83.3,0
Ross Stewart,sct SCO,Southampton,FW,28-295,8,2,241,0,0,1,0,0.2,0.0,1,1,6,0.0,0.0,0.07,0.0,,,,,0.0,0.0,0.0,12.4,47,75.8,64,79.3,87.5,0.0,0,1,1,0,1,2,0.75,0,0.0,3,2,6,4,3,0,3,0,90,7,21,35,34,5,2,50.0,50.0,46,61,1,0,1,5,7,67,6,6,5,1,0,2,7,13,35.0,0
Ryan Fraser,sct SCO,Southampton,"FW,DF",31-067,8,4,306,0,0,0,1,0.0,0.1,10,8,18,0.0,0.0,0.01,0.03,,,,,100.0,0.29,0.0,31.6,77,74.8,208,93.5,70.0,30.0,2,3,1,0,8,5,1.47,0,0.0,6,2,6,2,1,1,0,1,131,12,45,50,37,3,3,66.7,33.3,74,252,10,5,2,4,2,94,18,1,4,1,12,10,2,3,40.0,0
Sam Johnstone,eng ENG,Wolves,GK,32-038,7,7,630,0,0,0,0,0.0,0.0,0,0,0,0.0,0.0,0.0,0.0,2.43,61.5,0.0,0.0,,0.0,,,184,66.2,4270,96.9,97.6,45.0,1,6,0,0,0,2,0.29,0,0.0,0,0,1,1,0,0,0,0,306,229,304,2,0,0,0,,,196,756,0,0,0,0,0,179,0,0,0,0,0,9,4,0,100.0,0
Santiago Bueno,uy URU,Wolves,DF,26-174,27,18,1678,0,0,2,0,0.4,0.0,1,28,1,0.0,0.0,0.02,0.0,,,,,50.0,0.16,0.0,14.0,730,88.2,4144,92.4,94.0,56.7,0,24,2,0,28,12,0.64,4,0.21,40,21,22,5,35,20,15,15,1008,168,510,480,21,6,4,0.0,100.0,547,1429,1,2,0,2,2,650,1,26,5,0,0,43,34,31,52.3,0
Sean Longstaff,eng ENG,Newcastle Utd,MF,27-184,24,8,797,0,0,2,0,0.6,0.2,4,40,22,0.0,0.0,0.07,0.02,,,,,16.7,0.11,0.0,13.5,294,84.5,1171,87.0,92.5,68.2,4,26,1,0,40,14,1.58,2,0.23,27,16,27,9,17,5,12,7,433,23,122,193,121,21,7,28.6,57.1,248,429,4,10,2,9,7,308,22,9,6,0,5,31,7,7,50.0,0
Sergio Reguilón,es ESP,Tottenham,DF,28-137,3,0,123,0,0,2,0,0.1,0.0,4,12,10,0.0,0.0,0.05,0.02,,,,,0.0,0.0,0.0,5.4,73,69.5,410,75.0,76.6,33.3,1,11,2,1,12,1,0.73,0,0.0,4,3,3,1,4,0,4,2,121,2,28,61,33,3,4,50.0,0.0,64,180,4,2,1,1,1,74,10,2,5,0,10,9,5,2,71.4,0
Stefan Ortega,de GER,Manchester City,GK,32-177,13,12,1100,0,0,1,0,0.0,0.0,0,0,0,0.0,0.0,0.0,0.0,1.47,68.0,25.0,0.0,,0.0,,,373,81.3,5597,97.1,96.9,51.3,0,6,0,0,0,0,0.0,0,0.0,0,0,1,1,0,0,0,0,492,383,489,3,0,0,0,,,323,864,0,0,0,0,0,309,0,1,2,0,0,8,2,0,100.0,0
Sven Botman,nl NED,Newcastle Utd,DF,25-110,4,3,232,0,0,1,0,0.0,0.0,0,3,0,0.0,0.0,0.01,0.0,,,,,0.0,0.0,0.0,11.7,119,88.1,812,85.1,98.1,70.0,0,9,0,0,3,0,0.0,0,0.0,6,4,3,1,2,1,1,4,165,24,67,93,6,5,3,33.3,33.3,85,178,0,1,0,1,1,107,0,4,2,0,0,8,11,6,64.7,0
Séamus Coleman,ie IRL,Everton,DF,36-203,3,2,197,0,0,1,0,0.6,0.0,1,8,2,0.0,0.0,0.26,0.0,,,,,100.0,0.46,0.0,10.5,57,72.2,504,93.1,77.4,37.5,0,6,0,0,8,2,0.91,1,0.46,2,1,3,1,5,3,2,1,100,11,39,43,19,2,5,80.0,20.0,43,109,1,1,0,1,1,51,2,0,1,0,3,7,1,1,50.0,0
Thiago,br BRA,Brentford,FW,23-310,4,1,132,0,0,0,0,0.1,0.1,3,2,4,0.0,0.0,0.07,0.05,,,,,0.0,0.0,0.0,14.7,28,71.8,56,70.0,75.0,75.0,2,1,1,0,2,2,1.36,0,0.0,2,2,1,1,0,0,0,2,56,6,11,23,23,2,3,66.7,33.3,34,42,3,2,1,5,1,35,4,3,3,1,1,9,4,3,57.1,0
Tim Iroegbunam,eng ENG,Everton,MF,21-306,16,5,566,0,1,4,0,0.2,0.2,8,14,9,0.0,0.16,0.04,0.03,,,,,0.0,0.0,0.0,22.5,109,72.7,586,73.1,84.0,68.4,3,10,1,0,14,10,1.59,1,0.16,27,13,22,8,16,4,12,15,255,21,80,122,59,12,20,40.0,40.0,121,360,8,10,2,10,18,110,9,15,11,0,1,47,9,4,69.2,0
Toby Collyer,eng ENG,Manchester Utd,MF,21-119,6,0,179,0,0,0,0,0.2,0.3,0,5,2,0.0,0.0,0.09,0.13,,,,,0.0,0.0,0.0,6.2,76,82.6,121,86.0,86.5,75.0,2,3,1,0,5,5,2.5,0,0.0,12,9,6,1,2,1,1,2,129,9,46,59,25,3,2,50.0,50.0,68,56,0,0,0,11,1,71,2,2,4,0,0,17,3,1,75.0,0
Tom Cairney,sct SCO,Fulham,MF,34-102,22,2,494,1,0,3,1,0.2,1.0,14,47,29,0.18,0.0,0.04,0.17,,,,,40.0,0.36,0.2,23.3,482,90.4,1648,93.4,93.3,74.4,10,46,7,3,47,28,5.08,3,0.54,11,5,7,3,5,1,4,4,576,6,83,305,196,12,12,33.3,33.3,385,884,14,15,4,5,4,468,29,8,17,0,17,44,4,8,33.3,0
Tommy Doyle,eng ENG,Wolves,MF,23-197,24,3,488,0,1,1,0,0.6,0.5,6,40,4,0.0,0.18,0.1,0.09,,,,,22.2,0.37,0.0,24.5,321,81.9,2010,94.1,89.0,65.6,7,44,3,0,40,17,3.13,3,0.55,11,6,15,9,11,5,6,5,463,22,128,258,80,4,9,55.6,11.1,260,578,6,3,0,9,4,303,4,5,5,0,15,43,1,6,14.3,0
Tosin Adarabioyo,eng ENG,Chelsea,DF,27-220,20,13,1229,1,1,3,0,0.9,0.2,5,37,1,0.07,0.07,0.07,0.02,,,,,16.7,0.15,0.08,12.5,988,91.4,6479,95.7,94.9,61.1,1,53,1,0,37,12,0.88,1,0.07,14,10,12,4,9,7,2,10,1198,160,570,603,26,13,5,80.0,0.0,713,1690,5,2,0,3,0,916,1,8,6,1,0,34,36,26,58.1,0
Trevoh Chalobah,eng ENG,Crystal Palace,DF,25-301,12,12,1060,3,0,1,0,1.2,0.4,11,34,6,0.25,0.0,0.1,0.03,,,,,36.4,0.34,0.27,15.1,349,79.0,2195,88.7,85.2,51.2,4,27,2,1,34,11,0.93,0,0.0,20,16,23,11,19,9,10,19,594,66,275,276,51,14,10,60.0,20.0,278,661,11,9,1,4,7,317,6,10,15,1,7,56,22,19,53.7,0
Trevoh Chalobah,eng ENG,Chelsea,DF,25-301,11,9,746,0,1,1,0,0.7,1.2,4,34,2,0.0,0.12,0.09,0.14,,,,,33.3,0.24,0.0,10.8,533,90.2,2889,94.8,94.8,56.7,3,37,3,0,34,12,1.45,3,0.36,7,4,6,1,4,2,2,7,668,55,279,340,54,11,3,33.3,0.0,374,696,4,2,0,3,2,501,2,6,5,0,3,25,22,10,68.8,0
Tyrell Malacia,nl NED,Manchester Utd,DF,25-258,3,2,100,0,0,1,0,0.0,0.0,3,3,6,0.0,0.0,0.0,0.03,,,,,,0.0,,,49,89.1,260,93.9,92.9,100.0,1,7,1,0,3,2,1.8,0,0.0,2,1,2,1,0,0,0,1,62,2,20,27,15,0,1,100.0,0.0,37,118,3,2,0,1,2,43,6,3,2,0,1,3,0,0,,0
Tyrone Mings,eng ENG,Aston Villa,DF,32-050,13,11,1051,0,0,1,0,0.8,0.2,6,39,0,0.0,0.0,0.07,0.02,,,,,11.1,0.09,0.0,11.8,581,88.6,3319,92.7,94.3,54.0,3,47,5,0,39,17,1.45,2,0.17,6,5,2,0,13,11,2,7,767,139,388,340,43,15,2,100.0,0.0,472,1333,6,12,0,3,1,523,0,3,9,0,1,33,26,21,55.3,0
Victor Lindelöf,se SWE,Manchester Utd,DF,30-289,12,4,470,0,0,1,0,0.0,0.1,1,9,1,0.0,0.0,0.0,0.02,,,,,,0.0,,,196,93.8,849,92.2,97.2,75.0,3,6,2,1,9,4,0.77,0,0.0,5,1,3,1,4,2,2,7,264,40,156,101,7,3,0,,,137,255,1,0,0,1,0,171,1,7,1,0,1,11,10,13,43.5,0
Vladimír Coufal,cz CZE,West Ham,DF,32-253,18,9,865,0,0,4,0,0.2,0.6,15,32,25,0.0,0.0,0.02,0.06,,,,,25.0,0.1,0.0,16.7,363,77.7,2245,89.4,80.1,41.7,6,35,12,7,32,13,1.35,1,0.1,17,11,18,11,13,11,2,8,579,56,224,242,116,10,7,28.6,28.6,231,632,15,5,2,10,6,314,25,20,14,0,20,28,18,12,60.0,0
Wataru Endo,jp JPN,Liverpool,MF,32-082,17,0,169,0,0,0,0,0.0,0.0,0,9,2,0.0,0.0,0.0,0.01,,,,,,0.0,,,90,92.8,366,91.8,97.2,100.0,1,9,1,0,9,3,1.58,0,0.0,8,6,8,3,5,0,5,3,130,5,31,77,23,2,1,100.0,0.0,52,47,0,0,1,6,2,81,2,14,6,0,0,7,2,3,40.0,0
Welington,br BRA,Southampton,"DF,MF",24-072,7,3,215,0,0,1,0,0.0,0.0,3,6,10,0.0,0.0,0.02,0.01,,,,,0.0,0.0,0.0,31.3,69,77.5,318,82.9,78.0,75.0,2,5,5,4,6,6,2.51,1,0.42,13,5,12,5,3,1,2,3,131,11,46,48,40,2,4,75.0,0.0,47,116,3,3,1,6,0,55,10,3,5,0,10,10,0,2,0.0,0
Wesley Fofana,fr FRA,Chelsea,DF,24-136,14,14,1172,0,0,7,0,0.4,0.4,19,32,4,0.0,0.0,0.03,0.03,,,,,0.0,0.0,0.0,10.6,724,90.2,3415,93.9,92.5,61.9,6,54,1,0,32,15,1.15,0,0.0,13,12,14,8,14,9,5,14,933,81,370,523,55,10,15,53.3,20.0,557,1614,19,12,1,16,5,665,4,24,16,0,1,54,27,12,69.2,0
William Smallbone,ie IRL,Southampton,MF,25-070,14,6,612,1,0,1,0,0.4,0.6,5,23,21,0.15,0.0,0.06,0.09,,,,,16.7,0.15,0.17,19.3,242,77.3,1086,87.2,85.0,35.6,9,10,3,2,23,15,2.21,0,0.0,17,10,18,12,7,0,7,2,378,15,74,186,122,14,5,80.0,20.0,169,356,5,8,1,9,5,228,21,10,3,0,31,23,4,2,66.7,0
Willian,br BRA,Fulham,"FW,MF",36-266,8,2,226,0,0,0,0,0.3,0.5,8,36,29,0.0,0.0,0.11,0.18,,,,,0.0,0.0,0.0,22.1,151,84.8,766,94.0,84.9,68.8,5,17,9,2,36,13,5.18,0,0.0,3,1,5,4,0,0,0,1,199,1,16,70,117,6,6,16.7,50.0,129,442,8,8,2,3,1,156,29,1,0,0,12,14,1,2,33.3,0
Willy Boly,ci CIV,Nott'ham Forest,DF,34-088,6,1,150,0,0,1,0,0.1,0.0,0,2,0,0.0,0.0,0.04,0.0,,,,,100.0,0.6,0.0,10.2,55,78.6,477,90.9,93.8,26.7,0,3,0,0,2,0,0.0,0,0.0,6,1,4,0,4,2,2,3,97,22,63,32,2,1,0,,,35,45,0,0,0,1,0,46,0,1,0,0,0,5,6,2,75.0,0
Wilson Odobert,fr FRA,Tottenham,FW,20-155,12,6,539,0,0,0,0,0.7,0.9,38,19,54,0.0,0.0,0.12,0.15,,,,,20.0,0.33,0.0,17.3,166,77.9,413,92.1,70.4,55.6,5,6,10,3,19,12,2.01,1,0.17,8,2,10,5,4,0,4,3,291,4,28,103,162,31,28,39.3,50.0,209,981,38,20,17,15,13,219,54,0,3,0,20,27,3,4,42.9,0
Woyo Coulibaly,fr FRA,Leicester City,DF,25-347,4,1,109,0,0,1,0,0.0,0.0,4,3,2,0.0,0.0,0.04,0.0,,,,,50.0,0.83,0.0,19.4,48,84.2,314,82.4,84.2,100.0,0,3,0,0,3,0,0.0,0,0.0,6,4,2,0,3,1,2,5,76,8,27,31,20,4,1,0.0,100.0,48,169,4,2,1,4,0,36,2,2,1,0,0,14,0,3,0.0,0
Yerson Mosquera,co COL,Wolves,DF,24-000,5,5,441,0,0,2,0,0.3,0.1,0,7,0,0.0,0.0,0.07,0.02,,,,,0.0,0.0,0.0,12.4,205,85.4,1184,90.4,93.5,62.9,2,16,1,1,7,5,1.02,0,0.0,11,7,14,5,13,10,3,10,294,43,170,115,12,7,0,,,168,322,0,1,0,4,1,182,0,6,7,1,2,24,11,6,64.7,0
Álex Moreno,es ESP,Nott'ham Forest,"DF,MF",31-328,15,11,955,0,1,2,0,0.2,1.3,26,34,34,0.0,0.09,0.02,0.12,,,,,0.0,0.0,0.0,23.7,308,72.0,1911,87.6,64.2,35.0,8,25,9,2,34,16,1.51,2,0.19,25,18,39,24,11,5,6,15,559,60,210,202,158,8,21,38.1,38.1,229,864,26,16,4,13,6,258,34,12,6,0,19,50,3,11,21.4,0
Łukasz Fabiański,pl POL,West Ham,GK,40-014,13,12,1070,0,0,2,0,0.0,0.0,0,0,0,0.0,0.0,0.0,0.0,1.68,74.6,16.7,0.0,,0.0,,,304,67.0,6129,100.0,99.3,41.3,0,4,0,0,0,3,0.25,0,0.0,0,0,1,1,0,0,0,0,488,382,483,5,0,0,2,100.0,0.0,258,845,0,0,0,0,0,227,0,2,1,0,0,5,2,1,66.7,0
